<metadata xml:lang="en"><Esri><CreaDate>20200615</CreaDate><CreaTime>13052700</CreaTime><SyncOnce>FALSE</SyncOnce><DataProperties><lineage><Process Name="Create Feature Class" ToolSource="C:\Program Files (x86)\ArcGIS\ArcToolbox\Toolboxes\Data Management Tools.tbx\CreateFeatureclass" Date="20070410" Time="132536">CreateFeatureclass D:\CB_Projects\School_Zones Middle_School_Zones_New # SchoolZones_Middle_Layer SAME_AS_TEMPLATE SAME_AS_TEMPLATE "PROJCS['NAD_1983_StatePlane_Florida_West_FIPS_0902_Feet',GEOGCS['GCS_North_American_1983',DATUM['D_North_American_1983',SPHEROID['GRS_1980',6378137.0,298.257222101]],PRIMEM['Greenwich',0.0],UNIT['Degree',0.0174532925199433]],PROJECTION['Transverse_Mercator'],PARAMETER['False_Easting',656166.6666666665],PARAMETER['False_Northing',0.0],PARAMETER['Central_Meridian',-82.0],PARAMETER['Scale_Factor',0.9999411764705882],PARAMETER['Latitude_Of_Origin',24.33333333333333],UNIT['Foot_US',0.3048006096012192]];230041.735884756 784378.653635401 1953.12499818101;0 100000;0 100000" # 0 0 0 D:\CB_Projects\School_Zones\Middle_School_Zones_New.shp</Process><Process Name="Append" ToolSource="C:\Program Files (x86)\ArcGIS\ArcToolbox\Toolboxes\Data Management Tools.tbx\Append" Date="20070410" Time="132537">Append SchoolZones_Middle_Layer D:\CB_Projects\School_Zones\Middle_School_Zones_New.shp TEST D:\CB_Projects\School_Zones\Middle_School_Zones_New.shp</Process><Process Name="FeatureClassToFeatureClass_1" ToolSource="C:\Program Files (x86)\ArcGIS\ArcToolbox\Toolboxes\Conversion Tools.tbx\FeatureClassToFeatureClass" Date="20070410" Time="132537">FeatureClassToFeatureClass D:\CB_Projects\School_Zones\SchoolZones_Middle.shp D:\CB_Projects\School_Zones Middle_School_Zones_New # "Id Id VISIBLE;SCHOOL_COD SCHOOL_COD VISIBLE;SCHOOL_NAM SCHOOL_NAM VISIBLE" SAME_AS_TEMPLATE SAME_AS_TEMPLATE # 0 D:\CB_Projects\School_Zones\Middle_School_Zones_New.shp</Process><Process Name="Dissolve_1" ToolSource="C:\Program Files (x86)\ArcGIS\ArcToolbox\Toolboxes\Data Management Tools.tbx\Dissolve" Date="20070703" Time="112057">Dissolve Middle_School_Zones_New D:\CB_Projects\School_Zones\Middle_School_Zones_New_Diss_FINAL.shp SCHOOL_COD;SCHOOL_NAM # MULTI_PART</Process><Process Name="FeatureClassToFeatureClass_2" ToolSource="C:\Program Files\ArcGIS\ArcToolbox\Toolboxes\Conversion Tools.tbx\FeatureClassToFeatureClass" Date="20090309" Time="085806">FeatureClassToFeatureClass "C:\Documents and Settings\benjamin.geiger\Desktop\shp\Middle_School_Zones_2009-2010.shp" "Database Connections\gis9000a.sde\sde.DBO.SchoolZones" Middle0910 # "SCHOOL_NAM SCHOOL_NAM true false false 20 Text 0 0 ,First,#,C:\Documents and Settings\benjamin.geiger\Desktop\shp\Middle_School_Zones_2009-2010.shp,SCHOOL_NAM,-1,-1" # "Database Connections\gis9000a.sde\sde.DBO.SchoolZones\sde.DBO.Middle0910"</Process><Process ToolSource="C:\Program Files\ArcGIS\ArcToolbox\Toolboxes\Data Management Tools.tbx\CopyFeatures" Date="20100128" Time="111100">CopyFeatures "Database Connections\UPDATE Connection GIS9000a.sde\sde.DBO.SchoolZones\sde.DBO.Middle" "C:\Documents and Settings\eric.carroll\Desktop\DBExports\sde_DBO_Middle.shp" # 0 0 0</Process><Process ToolSource="C:\Program Files\ArcGIS\ArcToolbox\Toolboxes\Conversion Tools.tbx\FeatureClassToFeatureClass" Date="20100128" Time="124346">FeatureClassToFeatureClass "C:\Documents and Settings\eric.carroll\Desktop\DBExports\sde_DBO_Middle.shp" "Database Connections\UPDATE Connection GIS9000a.sde\sde.GISDATA.SchoolZones" Middle # "SchoolName 'SchoolName' true true false 20 Text 0 0 ,First,#,C:\Documents and Settings\eric.carroll\Desktop\DBExports\sde_DBO_Middle.shp,SCHOOL_NAM,-1,-1;SchoolNumber 'SchoolNumber' true true false 4 Text 0 0 ,First,#,C:\Documents and Settings\eric.carroll\Desktop\DBExports\sde_DBO_Middle.shp,SchoolNumb,-1,-1" # "Database Connections\UPDATE Connection GIS9000a.sde\sde.GISDATA.SchoolZones\sde.GISDATA.Middle"</Process><Process ToolSource="C:\Program Files\ArcGIS\ArcToolbox\Toolboxes\Data Management Tools.tbx\CopyFeatures" Date="20100316" Time="094343">CopyFeatures "Database Connections\UPDATE Connection GIS9000a.sde\sde.GISDATA.SchoolZones\sde.GISDATA.Middle" "C:\Documents and Settings\eric.carroll\Desktop\GIS Imports\sde_GISDATA_Middle.shp" # 0 0 0</Process><Process ToolSource="C:\Program Files (x86)\ArcGIS\Desktop10.0\ArcToolbox\Toolboxes\Conversion Tools.tbx\FeatureClassToFeatureClass" Date="20120328" Time="103857">FeatureClassToFeatureClass "\\gis9000a\Shared Maps\Brenda Taguri\revised_middlezones_march2010\rev_middlezones_march2010.shp" "Database Connections\Sys Admin Connection to PCSBData.sde\PCSBData.DBO.School_Zones" Middle # "SchoolName "SchoolName" true true false 20 Text 0 0 ,First,#,\\gis9000a\Shared Maps\Brenda Taguri\revised_middlezones_march2010\rev_middlezones_march2010.shp,SchoolName,-1,-1;SchoolNumb "SchoolNumb" true true false 4 Text 0 0 ,First,#,\\gis9000a\Shared Maps\Brenda Taguri\revised_middlezones_march2010\rev_middlezones_march2010.shp,SchoolNumb,-1,-1;Shape_area "Shape_area" true true false 19 Double 0 0 ,First,#,\\gis9000a\Shared Maps\Brenda Taguri\revised_middlezones_march2010\rev_middlezones_march2010.shp,Shape_area,-1,-1;Shape_len "Shape_len" true true false 19 Double 0 0 ,First,#,\\gis9000a\Shared Maps\Brenda Taguri\revised_middlezones_march2010\rev_middlezones_march2010.shp,Shape_len,-1,-1" #</Process><Process ToolSource="C:\Program Files (x86)\ArcGIS\Desktop10.0\ArcToolbox\Toolboxes\Analysis Tools.tbx\Clip" Date="20120418" Time="085331">Clip middle_zones_by_parcel_april2012 ExternalData.DBO.CountyBorder C:\Users\brenda.taguri\Documents\ArcGIS\Default.gdb\middle_zones_by_parcel_april #</Process><Process ToolSource="e:\program files (x86)\desktop10.0\ArcToolbox\Toolboxes\Conversion Tools.tbx\FeatureClassToFeatureClass" Date="20120731" Time="161738">FeatureClassToFeatureClass "\\gis9000a\Shared Maps\Brenda Taguri\Middle\Middle_by_parcel_noconversion.shp" "Database Connections\PCSBData Sys Admin QA.sde\PCSBData.DBO.School_Zones" MiddleHiddenConversions # "OBJECTID_1 "OBJECTID_1" true true false 9 Long 0 9 ,First,#,\\gis9000a\Shared Maps\Brenda Taguri\Middle\Middle_by_parcel_noconversion.shp,OBJECTID_1,-1,-1;OBJECTID "OBJECTID" true true false 19 Double 0 0 ,First,#,\\gis9000a\Shared Maps\Brenda Taguri\Middle\Middle_by_parcel_noconversion.shp,OBJECTID,-1,-1;SchoolName "SchoolName" true true false 20 Text 0 0 ,First,#,\\gis9000a\Shared Maps\Brenda Taguri\Middle\Middle_by_parcel_noconversion.shp,SchoolName,-1,-1;SchoolNumb "SchoolNumb" true true false 4 Text 0 0 ,First,#,\\gis9000a\Shared Maps\Brenda Taguri\Middle\Middle_by_parcel_noconversion.shp,SchoolNumb,-1,-1;Shape_Leng "Shape_Leng" true true false 19 Double 0 0 ,First,#,\\gis9000a\Shared Maps\Brenda Taguri\Middle\Middle_by_parcel_noconversion.shp,Shape_Leng,-1,-1;Shape_Area "Shape_Area" true true false 19 Double 0 0 ,First,#,\\gis9000a\Shared Maps\Brenda Taguri\Middle\Middle_by_parcel_noconversion.shp,Shape_Area,-1,-1" #</Process><Process ToolSource="c:\program files (x86)\arcgis\desktop10.5\ArcToolbox\Toolboxes\Conversion Tools.tbx\FeatureClassToFeatureClass" Date="20170605" Time="095843">FeatureClassToFeatureClass "D:\Data\SOURCE_DATA\Polk County School Board\Middle_Zones_SY1718\Middle_Zones_SY1718.shp" D:\Projects\PolkCnty\PCSB\PCSB_Data.mdb Middle_Zones_SY1718 # "OBJECTID "OBJECTID" true true false 10 Long 0 10 ,First,#,D:\Data\SOURCE_DATA\Polk County School Board\Middle_Zones_SY1718\Middle_Zones_SY1718.shp,OBJECTID,-1,-1;SchoolName "SchoolName" true true false 20 Text 0 0 ,First,#,D:\Data\SOURCE_DATA\Polk County School Board\Middle_Zones_SY1718\Middle_Zones_SY1718.shp,SchoolName,-1,-1;SchoolNumb "SchoolNumb" true true false 4 Text 0 0 ,First,#,D:\Data\SOURCE_DATA\Polk County School Board\Middle_Zones_SY1718\Middle_Zones_SY1718.shp,SchoolNumb,-1,-1;Shape_Leng "Shape_Leng" true true false 19 Double 8 18 ,First,#,D:\Data\SOURCE_DATA\Polk County School Board\Middle_Zones_SY1718\Middle_Zones_SY1718.shp,Shape_Leng,-1,-1;Shape_STAr "Shape_STAr" true true false 19 Double 8 18 ,First,#,D:\Data\SOURCE_DATA\Polk County School Board\Middle_Zones_SY1718\Middle_Zones_SY1718.shp,Shape_STAr,-1,-1;Shape_STLe "Shape_STLe" true true false 19 Double 8 18 ,First,#,D:\Data\SOURCE_DATA\Polk County School Board\Middle_Zones_SY1718\Middle_Zones_SY1718.shp,Shape_STLe,-1,-1;Actual_Nam "Actual_Nam" true true false 50 Text 0 0 ,First,#,D:\Data\SOURCE_DATA\Polk County School Board\Middle_Zones_SY1718\Middle_Zones_SY1718.shp,Actual_Nam,-1,-1;ActualScho "ActualScho" true true false 4 Text 0 0 ,First,#,D:\Data\SOURCE_DATA\Polk County School Board\Middle_Zones_SY1718\Middle_Zones_SY1718.shp,ActualScho,-1,-1;Conv_Chart "Conv_Chart" true true false 1 Text 0 0 ,First,#,D:\Data\SOURCE_DATA\Polk County School Board\Middle_Zones_SY1718\Middle_Zones_SY1718.shp,Conv_Chart,-1,-1;created_us "created_us" true true false 254 Text 0 0 ,First,#,D:\Data\SOURCE_DATA\Polk County School Board\Middle_Zones_SY1718\Middle_Zones_SY1718.shp,created_us,-1,-1;created_da "created_da" true true false 8 Date 0 0 ,First,#,D:\Data\SOURCE_DATA\Polk County School Board\Middle_Zones_SY1718\Middle_Zones_SY1718.shp,created_da,-1,-1;last_edite "last_edite" true true false 254 Text 0 0 ,First,#,D:\Data\SOURCE_DATA\Polk County School Board\Middle_Zones_SY1718\Middle_Zones_SY1718.shp,last_edite,-1,-1;last_edi_1 "last_edi_1" true true false 8 Date 0 0 ,First,#,D:\Data\SOURCE_DATA\Polk County School Board\Middle_Zones_SY1718\Middle_Zones_SY1718.shp,last_edi_1,-1,-1;Shape_area "Shape_area" true true false 19 Double 0 0 ,First,#,D:\Data\SOURCE_DATA\Polk County School Board\Middle_Zones_SY1718\Middle_Zones_SY1718.shp,Shape_area,-1,-1;Shape_len "Shape_len" true true false 19 Double 0 0 ,First,#,D:\Data\SOURCE_DATA\Polk County School Board\Middle_Zones_SY1718\Middle_Zones_SY1718.shp,Shape_len,-1,-1" #</Process><Process ToolSource="c:\program files (x86)\arcgis\desktop10.5\ArcToolbox\Toolboxes\Data Management Tools.tbx\Merge" Date="20200504" Time="183246">Merge New_MiddleSchoolZones;NEW_ShellyBoone_FINALIZED;NEW_LkMarionCrk_FINALIZED J:\Studies\Rezoning\Middle\Boone_to_LkMarion\shapes\Finalized_Zones\merge.shp "OBJECTID_1 "OBJECTID_1" true true false 10 Long 0 10 ,First,#,New_MiddleSchoolZones,OBJECTID_1,-1,-1;OBJECTID "OBJECTID" true true false 10 Long 0 10 ,First,#,New_MiddleSchoolZones,OBJECTID,-1,-1;SchoolName "SchoolName" true true false 20 Text 0 0 ,First,#,New_MiddleSchoolZones,SchoolName,-1,-1,NEW_ShellyBoone_FINALIZED,SchoolName,-1,-1,NEW_LkMarionCrk_FINALIZED,SchoolName,-1,-1;SchoolNumb "SchoolNumb" true true false 4 Text 0 0 ,First,#,New_MiddleSchoolZones,SchoolNumb,-1,-1,NEW_ShellyBoone_FINALIZED,SchoolNumb,-1,-1,NEW_LkMarionCrk_FINALIZED,SchoolNumb,-1,-1;Shape_Leng "Shape_Leng" true true false 19 Double 0 0 ,First,#,New_MiddleSchoolZones,Shape_Leng,-1,-1;Shape_STAr "Shape_STAr" true true false 19 Double 0 0 ,First,#,New_MiddleSchoolZones,Shape_STAr,-1,-1;Shape_STLe "Shape_STLe" true true false 19 Double 0 0 ,First,#,New_MiddleSchoolZones,Shape_STLe,-1,-1;Actual_Nam "Actual_Nam" true true false 50 Text 0 0 ,First,#,New_MiddleSchoolZones,Actual_Nam,-1,-1;ActualScho "ActualScho" true true false 4 Text 0 0 ,First,#,New_MiddleSchoolZones,ActualScho,-1,-1;Conv_Chart "Conv_Chart" true true false 1 Text 0 0 ,First,#,New_MiddleSchoolZones,Conv_Chart,-1,-1;created_us "created_us" true true false 254 Text 0 0 ,First,#,New_MiddleSchoolZones,created_us,-1,-1;created_da "created_da" true true false 8 Date 0 0 ,First,#,New_MiddleSchoolZones,created_da,-1,-1;last_edite "last_edite" true true false 254 Text 0 0 ,First,#,New_MiddleSchoolZones,last_edite,-1,-1;last_edi_1 "last_edi_1" true true false 8 Date 0 0 ,First,#,New_MiddleSchoolZones,last_edi_1,-1,-1;Shape_Le_1 "Shape_Le_1" true true false 19 Double 0 0 ,First,#,New_MiddleSchoolZones,Shape_Le_1,-1,-1;Shape_Area "Shape_Area" true true false 19 Double 0 0 ,First,#,New_MiddleSchoolZones,Shape_Area,-1,-1;Acreage "Acreage" true true false 19 Double 0 0 ,First,#,NEW_ShellyBoone_FINALIZED,Acreage,-1,-1,NEW_LkMarionCrk_FINALIZED,Acreage,-1,-1;Id "Id" true true false 10 Long 0 10 ,First,#,NEW_ShellyBoone_FINALIZED,Id,-1,-1,NEW_LkMarionCrk_FINALIZED,Id,-1,-1"</Process><Process ToolSource="c:\program files (x86)\arcgis\desktop10.5\ArcToolbox\Toolboxes\Data Management Tools.tbx\CalculateField" Date="20200504" Time="183508">CalculateField NEW_MiddleSchoolZones Actual_Nam [SchoolName] VB #</Process><Process ToolSource="c:\program files (x86)\arcgis\desktop10.5\ArcToolbox\Toolboxes\Data Management Tools.tbx\CalculateField" Date="20200504" Time="183551">CalculateField NEW_MiddleSchoolZones ActualScho [SchoolNumb] VB #</Process><Process ToolSource="c:\program files (x86)\arcgis\desktop10.5\ArcToolbox\Toolboxes\Data Management Tools.tbx\Merge" Date="20200615" Time="130712">Merge New_MiddleSchoolZones_061520;NewStambaugh_061520;NewDenison_061520;NewWestwood_061520 "J:\Studies\Rezoning\Middle\Stambaugh_Westwood_Denison\2020-06-12 - Correction\shapes\New_MiddleSchoolZones2_061520.shp" "OBJECTID_1 "OBJECTID_1" true true false 10 Long 0 10 ,First,#,New_MiddleSchoolZones_061520,OBJECTID_1,-1,-1,NewStambaugh_061520,OBJECTID_1,-1,-1;OBJECTID "OBJECTID" true true false 10 Long 0 10 ,First,#,New_MiddleSchoolZones_061520,OBJECTID,-1,-1,NewStambaugh_061520,OBJECTID,-1,-1;SchoolName "SchoolName" true true false 20 Text 0 0 ,First,#,New_MiddleSchoolZones_061520,SchoolName,-1,-1,NewStambaugh_061520,SchoolName,-1,-1;SchoolNumb "SchoolNumb" true true false 4 Text 0 0 ,First,#,New_MiddleSchoolZones_061520,SchoolNumb,-1,-1,NewStambaugh_061520,SchoolNumb,-1,-1;Shape_Leng "Shape_Leng" true true false 19 Double 0 0 ,First,#,New_MiddleSchoolZones_061520,Shape_Leng,-1,-1,NewStambaugh_061520,Shape_Leng,-1,-1;Shape_STAr "Shape_STAr" true true false 19 Double 0 0 ,First,#,New_MiddleSchoolZones_061520,Shape_STAr,-1,-1,NewStambaugh_061520,Shape_STAr,-1,-1;Shape_STLe "Shape_STLe" true true false 19 Double 0 0 ,First,#,New_MiddleSchoolZones_061520,Shape_STLe,-1,-1,NewStambaugh_061520,Shape_STLe,-1,-1;Actual_Nam "Actual_Nam" true true false 50 Text 0 0 ,First,#,New_MiddleSchoolZones_061520,Actual_Nam,-1,-1,NewStambaugh_061520,Actual_Nam,-1,-1;ActualScho "ActualScho" true true false 4 Text 0 0 ,First,#,New_MiddleSchoolZones_061520,ActualScho,-1,-1,NewStambaugh_061520,ActualScho,-1,-1;Conv_Chart "Conv_Chart" true true false 1 Text 0 0 ,First,#,New_MiddleSchoolZones_061520,Conv_Chart,-1,-1,NewStambaugh_061520,Conv_Chart,-1,-1;created_us "created_us" true true false 254 Text 0 0 ,First,#,New_MiddleSchoolZones_061520,created_us,-1,-1,NewStambaugh_061520,created_us,-1,-1;created_da "created_da" true true false 8 Date 0 0 ,First,#,New_MiddleSchoolZones_061520,created_da,-1,-1,NewStambaugh_061520,created_da,-1,-1;last_edite "last_edite" true true false 254 Text 0 0 ,First,#,New_MiddleSchoolZones_061520,last_edite,-1,-1,NewStambaugh_061520,last_edite,-1,-1;last_edi_1 "last_edi_1" true true false 8 Date 0 0 ,First,#,New_MiddleSchoolZones_061520,last_edi_1,-1,-1,NewStambaugh_061520,last_edi_1,-1,-1;Shape_Le_1 "Shape_Le_1" true true false 19 Double 0 0 ,First,#,New_MiddleSchoolZones_061520,Shape_Le_1,-1,-1,NewStambaugh_061520,Shape_Le_1,-1,-1;Shape_Area "Shape_Area" true true false 19 Double 0 0 ,First,#,New_MiddleSchoolZones_061520,Shape_Area,-1,-1,NewStambaugh_061520,Shape_Area,-1,-1;Acreage "Acreage" true true false 19 Double 0 0 ,First,#,New_MiddleSchoolZones_061520,Acreage,-1,-1,NewStambaugh_061520,Acreage,-1,-1;Id "Id" true true false 10 Long 0 10 ,First,#,New_MiddleSchoolZones_061520,Id,-1,-1,NewStambaugh_061520,Id,-1,-1,NewDenison_061520,Id,-1,-1,NewWestwood_061520,Id,-1,-1"</Process><Process ToolSource="c:\program files\arcgis\pro\Resources\ArcToolbox\toolboxes\Conversion Tools.tbx\FeatureClassToFeatureClass" Date="20200622" Time="163539">FeatureClassToFeatureClass "Middle School Zones" "C:\Users\anthony.rodriguez\Documents\ArcGIS\Projects\GeoZone Beta\GeoZone Beta.gdb" MiddleSchoolZones # "OBJECTID_1 "OBJECTID_1" true true false 10 Long 0 10,First,#,Middle School Zones,OBJECTID_1,-1,-1;OBJECTID "OBJECTID" true true false 10 Long 0 10,First,#,Middle School Zones,OBJECTID,-1,-1;SchoolName "SchoolName" true true false 20 Text 0 0,First,#,Middle School Zones,SchoolName,0,20;SchoolNumb "SchoolNumb" true true false 4 Text 0 0,First,#,Middle School Zones,SchoolNumb,0,4;Shape_Leng "Shape_Leng" true true false 19 Double 0 0,First,#,Middle School Zones,Shape_Leng,-1,-1;Shape_STAr "Shape_STAr" true true false 19 Double 0 0,First,#,Middle School Zones,Shape_STAr,-1,-1;Shape_STLe "Shape_STLe" true true false 19 Double 0 0,First,#,Middle School Zones,Shape_STLe,-1,-1;Actual_Nam "Actual_Nam" true true false 50 Text 0 0,First,#,Middle School Zones,Actual_Nam,0,50;ActualScho "ActualScho" true true false 4 Text 0 0,First,#,Middle School Zones,ActualScho,0,4;Conv_Chart "Conv_Chart" true true false 1 Text 0 0,First,#,Middle School Zones,Conv_Chart,0,1;created_us "created_us" true true false 254 Text 0 0,First,#,Middle School Zones,created_us,0,254;created_da "created_da" true true false 8 Date 0 0,First,#,Middle School Zones,created_da,-1,-1;last_edite "last_edite" true true false 254 Text 0 0,First,#,Middle School Zones,last_edite,0,254;last_edi_1 "last_edi_1" true true false 8 Date 0 0,First,#,Middle School Zones,last_edi_1,-1,-1;Shape_Le_1 "Shape_Le_1" true true false 19 Double 0 0,First,#,Middle School Zones,Shape_Le_1,-1,-1;Shape_Area "Shape_Area" true true false 19 Double 0 0,First,#,Middle School Zones,Shape_Area,-1,-1;Acreage "Acreage" true true false 19 Double 0 0,First,#,Middle School Zones,Acreage,-1,-1;Id "Id" true true false 10 Long 0 10,First,#,Middle School Zones,Id,-1,-1" #</Process><Process ToolSource="c:\program files\arcgis\pro\Resources\ArcToolbox\toolboxes\Data Management Tools.tbx\CopyFeatures" Date="20200722" Time="092859">CopyFeatures "C:\Users\anthony.rodriguez\Documents\ArcGIS\Projects\GeoZone Beta\GeoZone Beta.gdb\MiddleSchoolZones" "G:\Shapes\CurrentShapes 072220\MiddleSchoolZones.shp" # # # #</Process></lineage><itemProps><itemName Sync="TRUE">MiddleSchoolZones</itemName><imsContentType Sync="TRUE">002</imsContentType><itemLocation><linkage Sync="TRUE">file://\\GIS9000WEB\shared\Shapes\CurrentShapes 072220\MiddleSchoolZones.shp</linkage><protocol Sync="TRUE">Local Area Network</protocol></itemLocation><itemSize Sync="TRUE">0.000</itemSize></itemProps><coordRef><type Sync="TRUE">Projected</type><geogcsn Sync="TRUE">GCS_North_American_1983</geogcsn><projcsn Sync="TRUE">NAD_1983_StatePlane_Florida_West_FIPS_0902_Feet</projcsn><peXml Sync="TRUE">&lt;ProjectedCoordinateSystem xsi:type='typens:ProjectedCoordinateSystem' xmlns:xsi='http://www.w3.org/2001/XMLSchema-instance' xmlns:xs='http://www.w3.org/2001/XMLSchema' xmlns:typens='http://www.esri.com/schemas/ArcGIS/2.5.0'&gt;&lt;WKT&gt;PROJCS[&amp;quot;NAD_1983_StatePlane_Florida_West_FIPS_0902_Feet&amp;quot;,GEOGCS[&amp;quot;GCS_North_American_1983&amp;quot;,DATUM[&amp;quot;D_North_American_1983&amp;quot;,SPHEROID[&amp;quot;GRS_1980&amp;quot;,6378137.0,298.257222101]],PRIMEM[&amp;quot;Greenwich&amp;quot;,0.0],UNIT[&amp;quot;Degree&amp;quot;,0.0174532925199433]],PROJECTION[&amp;quot;Transverse_Mercator&amp;quot;],PARAMETER[&amp;quot;False_Easting&amp;quot;,656166.6666666665],PARAMETER[&amp;quot;False_Northing&amp;quot;,0.0],PARAMETER[&amp;quot;Central_Meridian&amp;quot;,-82.0],PARAMETER[&amp;quot;Scale_Factor&amp;quot;,0.9999411764705882],PARAMETER[&amp;quot;Latitude_Of_Origin&amp;quot;,24.33333333333333],UNIT[&amp;quot;Foot_US&amp;quot;,0.3048006096012192],AUTHORITY[&amp;quot;EPSG&amp;quot;,2237]]&lt;/WKT&gt;&lt;XOrigin&gt;-17791300&lt;/XOrigin&gt;&lt;YOrigin&gt;-41645400&lt;/YOrigin&gt;&lt;XYScale&gt;137249422.94257641&lt;/XYScale&gt;&lt;ZOrigin&gt;-100000&lt;/ZOrigin&gt;&lt;ZScale&gt;10000&lt;/ZScale&gt;&lt;MOrigin&gt;-100000&lt;/MOrigin&gt;&lt;MScale&gt;10000&lt;/MScale&gt;&lt;XYTolerance&gt;0.0032808333333333331&lt;/XYTolerance&gt;&lt;ZTolerance&gt;0.001&lt;/ZTolerance&gt;&lt;MTolerance&gt;0.001&lt;/MTolerance&gt;&lt;HighPrecision&gt;true&lt;/HighPrecision&gt;&lt;WKID&gt;102659&lt;/WKID&gt;&lt;LatestWKID&gt;2237&lt;/LatestWKID&gt;&lt;/ProjectedCoordinateSystem&gt;</peXml><csUnits Sync="TRUE">Linear Unit: Foot_US (0.304801)</csUnits></coordRef></DataProperties><SyncDate>20200722</SyncDate><SyncTime>09285800</SyncTime><ModDate>20200722</ModDate><ModTime>09285800</ModTime><ArcGISFormat>1.0</ArcGISFormat></Esri><idinfo><native Sync="TRUE">Microsoft Windows XP Version 5.1 (Build 2600) Service Pack 3; ESRI ArcCatalog 9.3.1.3500</native><descript><langdata Sync="TRUE">en</langdata><abstract>REQUIRED: A brief narrative summary of the data set.</abstract><purpose>REQUIRED: A summary of the intentions with which the data set was developed.</purpose></descript><citation><citeinfo><origin>REQUIRED: The name of an organization or individual that developed the data set.</origin><pubdate>REQUIRED: The date when the data set is published or otherwise made available for release.</pubdate><title Sync="TRUE">sde_GISDATA_Middle</title><ftname Sync="TRUE">sde_GISDATA_Middle</ftname><geoform Sync="TRUE">vector digital data</geoform><onlink Sync="TRUE"/></citeinfo></citation><timeperd><current>REQUIRED: The basis on which the time period of content information is determined.</current><timeinfo><sngdate><caldate>REQUIRED: The year (and optionally month, or month and day) for which the data set corresponds to the ground.</caldate></sngdate></timeinfo></timeperd><status><progress>REQUIRED: The state of the data set.</progress><update>REQUIRED: The frequency with which changes and additions are made to the data set after the initial data set is completed.</update></status><spdom><bounding><westbc Sync="TRUE">-82.105895</westbc><eastbc Sync="TRUE">-81.125320</eastbc><northbc Sync="TRUE">28.362009</northbc><southbc Sync="TRUE">27.643119</southbc></bounding><lboundng><leftbc Sync="TRUE">622110.160034</leftbc><rightbc Sync="TRUE">937481.725280</rightbc><bottombc Sync="TRUE">1203949.995117</bottombc><topbc Sync="TRUE">1464318.940477</topbc></lboundng></spdom><keywords><theme><themekt>REQUIRED: Reference to a formally registered thesaurus or a similar authoritative source of theme keywords.</themekt><themekey>REQUIRED: Common-use word or phrase used to describe the subject of the data set.</themekey></theme></keywords><accconst>REQUIRED: Restrictions and legal prerequisites for accessing the data set.</accconst><useconst>REQUIRED: Restrictions and legal prerequisites for using the data set after access is granted.</useconst><natvform Sync="TRUE">Shapefile</natvform></idinfo><dataIdInfo><envirDesc Sync="TRUE">Microsoft Windows 10 Version 10.0 (Build 18363) ; Esri ArcGIS 12.5.1.22081</envirDesc><dataLang><languageCode Sync="TRUE" value="eng" country="USA"/><countryCode value="USA" Sync="TRUE"/></dataLang><idCitation><resTitle Sync="TRUE">MiddleSchoolZones</resTitle><presForm><PresFormCd Sync="TRUE" value="005"/></presForm></idCitation><spatRpType><SpatRepTypCd Sync="TRUE" value="001"/></spatRpType><dataExt><geoEle><GeoBndBox esriExtentType="native"><westBL Sync="TRUE">622110.160034</westBL><eastBL Sync="TRUE">937481.72528</eastBL><northBL Sync="TRUE">1464318.940477</northBL><southBL Sync="TRUE">1203949.995117</southBL><exTypeCode Sync="TRUE">1</exTypeCode></GeoBndBox></geoEle></dataExt><geoBox esriExtentType="decdegrees"><westBL Sync="TRUE">-82.105895</westBL><eastBL Sync="TRUE">-81.12532</eastBL><northBL Sync="TRUE">28.362009</northBL><southBL Sync="TRUE">27.643119</southBL><exTypeCode Sync="TRUE">1</exTypeCode></geoBox><descKeys><thesaName uuidref="723f6998-058e-11dc-8314-0800200c9a66"/><keyword Sync="TRUE">002</keyword></descKeys></dataIdInfo><metainfo><langmeta Sync="TRUE">en</langmeta><metstdn Sync="TRUE">FGDC Content Standards for Digital Geospatial Metadata</metstdn><metstdv Sync="TRUE">FGDC-STD-001-1998</metstdv><mettc Sync="TRUE">local time</mettc><metc><cntinfo><cntorgp><cntper>REQUIRED: The person responsible for the metadata information.</cntper><cntorg>REQUIRED: The organization responsible for the metadata information.</cntorg></cntorgp><cntaddr><addrtype>REQUIRED: The mailing and/or physical address for the organization or individual.</addrtype><city>REQUIRED: The city of the address.</city><state>REQUIRED: The state or province of the address.</state><postal>REQUIRED: The ZIP or other postal code of the address.</postal></cntaddr><cntvoice>REQUIRED: The telephone number by which individuals can speak to the organization or individual.</cntvoice></cntinfo></metc><metd Sync="TRUE">20100316</metd></metainfo><mdLang><languageCode Sync="TRUE" value="eng"/><countryCode value="USA" Sync="TRUE"/></mdLang><mdStanName Sync="TRUE">ISO 19115 Geographic Information - Metadata</mdStanName><mdStanVer Sync="TRUE">DIS_ESRI1.0</mdStanVer><mdChar><CharSetCd Sync="TRUE" value="004"/></mdChar><mdHrLv><ScopeCd Sync="TRUE" value="005"/></mdHrLv><mdHrLvName Sync="TRUE">dataset</mdHrLvName><distinfo><resdesc Sync="TRUE">Downloadable Data</resdesc><stdorder><digform><digtinfo><transize Sync="TRUE">0.000</transize><dssize Sync="TRUE">0.000</dssize></digtinfo></digform></stdorder></distinfo><distInfo><distributor><distorTran><onLineSrc><orDesc Sync="TRUE">002</orDesc><linkage Sync="TRUE">file://</linkage><protocol Sync="TRUE">Local Area Network</protocol></onLineSrc><transSize Sync="TRUE">0.000</transSize></distorTran><distorFormat><formatName Sync="TRUE">Shapefile</formatName></distorFormat></distributor><distFormat><formatName Sync="TRUE">Shapefile</formatName></distFormat><distTranOps><transSize Sync="TRUE">0.000</transSize></distTranOps></distInfo><spdoinfo><direct Sync="TRUE">Vector</direct><ptvctinf><esriterm Name="MiddleSchoolZones"><efeatyp Sync="TRUE">Simple</efeatyp><efeageom code="4" Sync="TRUE"></efeageom><esritopo Sync="TRUE">FALSE</esritopo><efeacnt Sync="TRUE">0</efeacnt><spindex Sync="TRUE">FALSE</spindex><linrefer Sync="TRUE">FALSE</linrefer></esriterm></ptvctinf></spdoinfo><spref><horizsys><cordsysn><geogcsn Sync="TRUE">GCS_North_American_1983</geogcsn><projcsn Sync="TRUE">NAD_1983_StatePlane_Florida_West_FIPS_0902_Feet</projcsn></cordsysn><planar><planci><plance Sync="TRUE">coordinate pair</plance><plandu Sync="TRUE">survey feet</plandu><coordrep><absres Sync="TRUE">0.000000</absres><ordres Sync="TRUE">0.000000</ordres></coordrep></planci></planar><geodetic><horizdn Sync="TRUE">North American Datum of 1983</horizdn><ellips Sync="TRUE">Geodetic Reference System 80</ellips><semiaxis Sync="TRUE">6378137.000000</semiaxis><denflat Sync="TRUE">298.257222</denflat></geodetic></horizsys><vertdef><altsys><altenc Sync="TRUE">Explicit elevation coordinate included with horizontal coordinates</altenc><altres Sync="TRUE">1.000000</altres></altsys></vertdef></spref><refSysInfo><RefSystem><refSysID><identCode Sync="TRUE" code="2237" value="2237">NAD_1983_StatePlane_Florida_West_FIPS_0902_Feet</identCode><idCodeSpace Sync="TRUE">EPSG</idCodeSpace><idVersion Sync="TRUE">5.3(9.0.0)</idVersion></refSysID></RefSystem></refSysInfo><spatRepInfo><VectSpatRep><geometObjs Name="MiddleSchoolZones"><geoObjTyp><GeoObjTypCd value="002" Sync="TRUE"></GeoObjTypCd></geoObjTyp><geoObjCnt Sync="TRUE">0</geoObjCnt></geometObjs><topLvl><TopoLevCd value="001" Sync="TRUE"></TopoLevCd></topLvl></VectSpatRep></spatRepInfo><eainfo><detailed Name="MiddleSchoolZones"><enttyp><enttypl Sync="TRUE">MiddleSchoolZones</enttypl><enttypt Sync="TRUE">Feature Class</enttypt><enttypc Sync="TRUE">0</enttypc></enttyp><attr><attrlabl Sync="TRUE">FID</attrlabl><attalias Sync="TRUE">FID</attalias><attrtype Sync="TRUE">OID</attrtype><attwidth Sync="TRUE">4</attwidth><atprecis Sync="TRUE">0</atprecis><attscale Sync="TRUE">0</attscale><attrdef Sync="TRUE">Internal feature number.</attrdef><attrdefs Sync="TRUE">Esri</attrdefs><attrdomv><udom Sync="TRUE">Sequential unique whole numbers that are automatically generated.</udom></attrdomv></attr><attr><attrlabl Sync="TRUE">OBJECTID</attrlabl><attalias Sync="TRUE">OBJECTID</attalias><attrtype Sync="TRUE">Integer</attrtype><attwidth Sync="TRUE">10</attwidth><atprecis Sync="TRUE">10</atprecis><attscale Sync="TRUE">0</attscale><attrdef Sync="TRUE">Internal feature number.</attrdef><attrdefs Sync="TRUE">ESRI</attrdefs><attrdomv><udom Sync="TRUE">Sequential unique whole numbers that are automatically generated.</udom></attrdomv></attr><attr><attrlabl Sync="TRUE">OBJECTID_2</attrlabl><attalias Sync="TRUE">OBJECTID_2</attalias><attrtype Sync="TRUE">Integer</attrtype><attwidth Sync="TRUE">10</attwidth><atprecis Sync="TRUE">10</atprecis><attscale Sync="TRUE">0</attscale></attr><attr><attrlabl Sync="TRUE">SchoolName</attrlabl><attalias Sync="TRUE">SchoolName</attalias><attrtype Sync="TRUE">String</attrtype><attwidth Sync="TRUE">20</attwidth><atprecis Sync="TRUE">0</atprecis><attscale Sync="TRUE">0</attscale></attr><attr><attrlabl Sync="TRUE">Shape</attrlabl><attalias Sync="TRUE">Shape</attalias><attrtype Sync="TRUE">Geometry</attrtype><attwidth Sync="TRUE">0</attwidth><atprecis Sync="TRUE">0</atprecis><attscale Sync="TRUE">0</attscale><attrdef Sync="TRUE">Feature geometry.</attrdef><attrdefs Sync="TRUE">ESRI</attrdefs><attrdomv><udom Sync="TRUE">Coordinates defining the features.</udom></attrdomv></attr><attr><attrlabl Sync="TRUE">Shape_Leng</attrlabl><attalias Sync="TRUE">Shape_Leng</attalias><attrtype Sync="TRUE">Double</attrtype><attwidth Sync="TRUE">19</attwidth><atprecis Sync="TRUE">0</atprecis><attscale Sync="TRUE">0</attscale></attr><attr><attrlabl Sync="TRUE">Shape_STAr</attrlabl><attalias Sync="TRUE">Shape_STAr</attalias><attrtype Sync="TRUE">Double</attrtype><attwidth Sync="TRUE">19</attwidth><atprecis Sync="TRUE">0</atprecis><attscale Sync="TRUE">0</attscale></attr><attr><attrlabl Sync="TRUE">Shape_STLe</attrlabl><attalias Sync="TRUE">Shape_STLe</attalias><attrtype Sync="TRUE">Double</attrtype><attwidth Sync="TRUE">19</attwidth><atprecis Sync="TRUE">0</atprecis><attscale Sync="TRUE">0</attscale></attr><attr><attrlabl Sync="TRUE">Actual_Nam</attrlabl><attalias Sync="TRUE">Actual_Nam</attalias><attrtype Sync="TRUE">String</attrtype><attwidth Sync="TRUE">50</attwidth><atprecis Sync="TRUE">0</atprecis><attscale Sync="TRUE">0</attscale></attr><attr><attrlabl Sync="TRUE">ActualScho</attrlabl><attalias Sync="TRUE">ActualScho</attalias><attrtype Sync="TRUE">String</attrtype><attwidth Sync="TRUE">4</attwidth><atprecis Sync="TRUE">0</atprecis><attscale Sync="TRUE">0</attscale></attr><attr><attrlabl Sync="TRUE">Conv_Chart</attrlabl><attalias Sync="TRUE">Conv_Chart</attalias><attrtype Sync="TRUE">String</attrtype><attwidth Sync="TRUE">1</attwidth><atprecis Sync="TRUE">0</atprecis><attscale Sync="TRUE">0</attscale></attr><attr><attrlabl Sync="TRUE">SchoolNumb</attrlabl><attalias Sync="TRUE">SchoolNumb</attalias><attrtype Sync="TRUE">String</attrtype><attwidth Sync="TRUE">4</attwidth><atprecis Sync="TRUE">0</atprecis><attscale Sync="TRUE">0</attscale></attr><attr><attrlabl Sync="TRUE">created_us</attrlabl><attalias Sync="TRUE">created_us</attalias><attrtype Sync="TRUE">String</attrtype><attwidth Sync="TRUE">254</attwidth><atprecis Sync="TRUE">0</atprecis><attscale Sync="TRUE">0</attscale></attr><attr><attrlabl Sync="TRUE">created_da</attrlabl><attalias Sync="TRUE">created_da</attalias><attrtype Sync="TRUE">Date</attrtype><attwidth Sync="TRUE">8</attwidth><atprecis Sync="TRUE">0</atprecis><attscale Sync="TRUE">0</attscale></attr><attr><attrlabl Sync="TRUE">last_edite</attrlabl><attalias Sync="TRUE">last_edite</attalias><attrtype Sync="TRUE">String</attrtype><attwidth Sync="TRUE">254</attwidth><atprecis Sync="TRUE">0</atprecis><attscale Sync="TRUE">0</attscale></attr><attr><attrlabl Sync="TRUE">last_edi_1</attrlabl><attalias Sync="TRUE">last_edi_1</attalias><attrtype Sync="TRUE">Date</attrtype><attwidth Sync="TRUE">8</attwidth><atprecis Sync="TRUE">0</atprecis><attscale Sync="TRUE">0</attscale></attr><attr><attrlabl Sync="TRUE">Shape_Le_1</attrlabl><attalias Sync="TRUE">Shape_Le_1</attalias><attrtype Sync="TRUE">Double</attrtype><attwidth Sync="TRUE">19</attwidth><atprecis Sync="TRUE">0</atprecis><attscale Sync="TRUE">0</attscale></attr><attr><attrlabl Sync="TRUE">Shape_area</attrlabl><attalias Sync="TRUE">Shape_Area</attalias><attrtype Sync="TRUE">Double</attrtype><attwidth Sync="TRUE">19</attwidth><atprecis Sync="TRUE">0</atprecis><attscale Sync="TRUE">0</attscale><attrdef Sync="TRUE">Area of feature in internal units squared.</attrdef><attrdefs Sync="TRUE">Esri</attrdefs><attrdomv><udom Sync="TRUE">Positive real numbers that are automatically generated.</udom></attrdomv></attr><attr><attrlabl Sync="TRUE">Acreage</attrlabl><attalias Sync="TRUE">Acreage</attalias><attrtype Sync="TRUE">Double</attrtype><attwidth Sync="TRUE">19</attwidth><atprecis Sync="TRUE">0</atprecis><attscale Sync="TRUE">0</attscale></attr><attr><attrlabl Sync="TRUE">Shape_Le_2</attrlabl><attalias Sync="TRUE">Shape_Le_2</attalias><attrtype Sync="TRUE">Double</attrtype><attwidth Sync="TRUE">19</attwidth><atprecis Sync="TRUE">0</atprecis><attscale Sync="TRUE">0</attscale></attr><attr><attrlabl Sync="TRUE">Id</attrlabl><attalias Sync="TRUE">Id</attalias><attrtype Sync="TRUE">Integer</attrtype><attwidth Sync="TRUE">10</attwidth><atprecis Sync="TRUE">10</atprecis><attscale Sync="TRUE">0</attscale></attr></detailed></eainfo><mdDateSt Sync="TRUE">20200722</mdDateSt><dataqual><lineage><procstep><procdesc Sync="TRUE">Metadata imported.</procdesc><srcused Sync="TRUE">X:\gistemp\Add to SDE\Polk_School_Zones\Polk_Middle_SchoolZone.shp.xml</srcused><date Sync="TRUE">20080423</date><time Sync="TRUE">16555600</time></procstep><procstep><procdesc Sync="TRUE">Dataset copied.</procdesc><srcused Sync="TRUE">X:\gistemp\Add to SDE\Polk_School_Zones\Polk_Middle_SchoolZone1_2</srcused><date Sync="TRUE">20080505</date><time Sync="TRUE">08262000</time></procstep><procstep><procdesc Sync="TRUE">Dataset copied.</procdesc><srcused Sync="TRUE"/><date Sync="TRUE">20090204</date><time Sync="TRUE">14581500</time></procstep><procstep><procdesc Sync="TRUE">Dataset copied.</procdesc><srcused Sync="TRUE"/><procdate Sync="TRUE">20100317</procdate><proctime Sync="TRUE">10301100</proctime></procstep></lineage></dataqual></metadata>
