<metadata xml:lang="en"><Esri><CreaDate>20191015</CreaDate><CreaTime>12215400</CreaTime><SyncOnce>FALSE</SyncOnce><SyncDate>20200722</SyncDate><SyncTime>09290100</SyncTime><ModDate>20200722</ModDate><ModTime>09290100</ModTime><DataProperties><lineage><Process ToolSource="C:\Program Files\ArcGIS\ArcToolbox\Toolboxes\Data Management Tools.tbx\CopyFeatures" Date="20080807" Time="145442">CopyFeatures "0809 ADOPTED ELEM ZONES" "c:\documents and settings\brenda.taguri\Desktop\gisstuff\test elem aug 7 2008\0809 ADOPTED ELEM ZONES.shp" # 0 0 0</Process><Process Name="FeatureClassToFeatureClass_1" ToolSource="C:\Program Files\ArcGIS\ArcToolbox\Toolboxes\Conversion Tools.tbx\FeatureClassToFeatureClass" Date="20090309" Time="085711">FeatureClassToFeatureClass "C:\Documents and Settings\benjamin.geiger\Desktop\shp\ADOPTED_ELEM_ZONES_0910.shp" "Database Connections\gis9000a.sde\sde.DBO.SchoolZones" Elementary0910 # "Id Id true false false 6 Long 0 6 ,First,#,C:\Documents and Settings\benjamin.geiger\Desktop\shp\ADOPTED_ELEM_ZONES_0910.shp,Id,-1,-1;SCHOOL SCHOOL true false false 30 Text 0 0 ,First,#,C:\Documents and Settings\benjamin.geiger\Desktop\shp\ADOPTED_ELEM_ZONES_0910.shp,SCHOOL,-1,-1" # "Database Connections\gis9000a.sde\sde.DBO.SchoolZones\sde.DBO.Elementary0910"</Process><Process ToolSource="C:\Program Files\ArcGIS\ArcToolbox\Toolboxes\Data Management Tools.tbx\CopyFeatures" Date="20100128" Time="111058">CopyFeatures "Database Connections\UPDATE Connection GIS9000a.sde\sde.DBO.SchoolZones\sde.DBO.Elementary" "C:\Documents and Settings\eric.carroll\Desktop\DBExports\sde_DBO_Elementary.shp" # 0 0 0</Process><Process ToolSource="C:\Program Files\ArcGIS\ArcToolbox\Toolboxes\Conversion Tools.tbx\FeatureClassToFeatureClass" Date="20100128" Time="111634">FeatureClassToFeatureClass "C:\Documents and Settings\eric.carroll\Desktop\DBExports\sde_DBO_Elementary.shp" "Database Connections\UPDATE Connection GIS9000a.sde\sde.GISDATA.SchoolZones" Elementary # "SchoolName 'SchoolName' true true false 30 Text 0 0 ,First,#,C:\Documents and Settings\eric.carroll\Desktop\DBExports\sde_DBO_Elementary.shp,SCHOOL,-1,-1;SchoolNumber 'SchoolNumber' true true false 4 Text 0 0 ,First,#,C:\Documents and Settings\eric.carroll\Desktop\DBExports\sde_DBO_Elementary.shp,SchoolNumb,-1,-1" # "Database Connections\UPDATE Connection GIS9000a.sde\sde.GISDATA.SchoolZones\sde.GISDATA.Elementary"</Process><Process ToolSource="C:\Program Files\ArcGIS\ArcToolbox\Toolboxes\Data Management Tools.tbx\CopyFeatures" Date="20100316" Time="094340">CopyFeatures "Database Connections\UPDATE Connection GIS9000a.sde\sde.GISDATA.SchoolZones\sde.GISDATA.Elementary" "C:\Documents and Settings\eric.carroll\Desktop\GIS Imports\sde_GISDATA_Elementary.shp" # 0 0 0</Process><Process ToolSource="C:\Program Files\ArcGIS\ArcToolbox\Toolboxes\Conversion Tools.tbx\FeatureClassToFeatureClass" Date="20100317" Time="132446">FeatureClassToFeatureClass "C:\Documents and Settings\eric.carroll\Desktop\GeoZone Data\revised_elemzones_march_2010\Rev_elem_March2010.shp" "Database Connections\UPDATE Connection GIS9000a.sde\sde.GISDATA.SchoolZones" Elementary # "SchoolName 'SchoolName' true true false 30 Text 0 0 ,First,#,C:\Documents and Settings\eric.carroll\Desktop\GeoZone Data\revised_elemzones_march_2010\Rev_elem_March2010.shp,SchoolName,-1,-1;SchoolNumb 'SchoolNumb' true true false 4 Text 0 0 ,First,#,C:\Documents and Settings\eric.carroll\Desktop\GeoZone Data\revised_elemzones_march_2010\Rev_elem_March2010.shp,SchoolNumb,-1,-1;Shape_area 'Shape_area' true true false 19 Double 0 0 ,First,#,C:\Documents and Settings\eric.carroll\Desktop\GeoZone Data\revised_elemzones_march_2010\Rev_elem_March2010.shp,Shape_area,-1,-1;Shape_len 'Shape_len' true true false 19 Double 0 0 ,First,#,C:\Documents and Settings\eric.carroll\Desktop\GeoZone Data\revised_elemzones_march_2010\Rev_elem_March2010.shp,Shape_len,-1,-1" # "Database Connections\UPDATE Connection GIS9000a.sde\sde.GISDATA.SchoolZones\sde.GISDATA.Elementary"</Process><Process ToolSource="C:\Program Files\ArcGIS\ArcToolbox\Toolboxes\Data Management Tools.tbx\CopyFeatures" Date="20100519" Time="170856">CopyFeatures "Database Connections\gis.GISDATA on GIS9000a.sde\GIS.GISDATA.SchoolZones\GIS.GISDATA.Elementary" "Database Connections\GISDATA User Connection to PCSBData.sde\PCSBData.GISDATA.GIS_GISDATA_Elementary" # 0 0 0</Process><Process ToolSource="C:\Program Files\ArcGIS\ArcToolbox\Toolboxes\Data Management Tools.tbx\CopyFeatures" Date="20100629" Time="144352">CopyFeatures "Database Connections\1PCSBData.sde\PCSBData.GISDATA.SchoolZones_Original\PCSBData.GISDATA.Elementary" "C:\Documents and Settings\benjamin.geiger\Desktop\SchoolZones\PCSBData_GISDATA_Elementary.shp" # 0 0 0</Process><Process ToolSource="C:\Program Files\ArcGIS\ArcToolbox\Toolboxes\Conversion Tools.tbx\FeatureClassToFeatureClass" Date="20100629" Time="144939">FeatureClassToFeatureClass "C:\Documents and Settings\benjamin.geiger\Desktop\SchoolZones\PCSBData_GISDATA_Elementary.shp" "Database Connections\1PCSBData.sde\PCSBData.GISDATA.SchoolZones" Elementary # "SchoolName 'SchoolName' true true false 30 Text 0 0 ,First,#,C:\Documents and Settings\benjamin.geiger\Desktop\SchoolZones\PCSBData_GISDATA_Elementary.shp,SchoolName,-1,-1;SchoolNumb 'SchoolNumb' true true false 4 Text 0 0 ,First,#,C:\Documents and Settings\benjamin.geiger\Desktop\SchoolZones\PCSBData_GISDATA_Elementary.shp,SchoolNumb,-1,-1;Shape_area 'Shape_area' true true false 19 Double 0 0 ,First,#,C:\Documents and Settings\benjamin.geiger\Desktop\SchoolZones\PCSBData_GISDATA_Elementary.shp,Shape_area,-1,-1;Shape_len 'Shape_len' true true false 19 Double 0 0 ,First,#,C:\Documents and Settings\benjamin.geiger\Desktop\SchoolZones\PCSBData_GISDATA_Elementary.shp,Shape_len,-1,-1" # "Database Connections\1PCSBData.sde\PCSBData.GISDATA.SchoolZones\PCSBData.GISDATA.Elementary"</Process><Process ToolSource="C:\Program Files\ArcGIS\ArcToolbox\Toolboxes\Data Management Tools.tbx\CopyFeatures" Date="20100908" Time="104453">CopyFeatures "\\gis9000a\Database Connections\User Access\1PCSBData.sde\PCSBData.GISDATA.SchoolZones\PCSBData.GISDATA.Elementary" "C:\Documents and Settings\benjamin.geiger\Desktop\PCSBData Backup\PCSBData_GISDATA_Elementary.shp" # 0 0 0</Process><Process ToolSource="C:\Program Files\ArcGIS\Desktop10.0\ArcToolbox\Toolboxes\Data Management Tools.tbx\CopyFeatures" Date="20100910" Time="081447">CopyFeatures "F:\PCSBData Backup\PCSBData_GISDATA_Elementary.shp" "Database Connections\PCSBData.sde\PCSBData.DBO.PCSBData_GISDATA_Elementary" # 0 0 0</Process><Process ToolSource="C:\Program Files\ArcGIS\Desktop10.0\ArcToolbox\Toolboxes\Data Management Tools.tbx\CalculateField" Date="20110323" Time="110503">CalculateField PCSBData.DBO.Elementary ActualSchoolNumber [SchoolNumb] VB #</Process><Process ToolSource="c:\program files (x86)\arcgis\desktop10.0\ArcToolbox\Toolboxes\Conversion Tools.tbx\FeatureClassToFeatureClass" Date="20120524" Time="081817">FeatureClassToFeatureClass "\\gis9000a\Shared Maps\Brenda Taguri\jan2012elemzonetwk.shp" "Database Connections\PCSBData Sys Admin Dev.sde\PCSBData.DBO.School_Zones" Elemntary2 # "OBJECTID "OBJECTID" true true false 10 Double 0 10 ,First,#,\\gis9000a\Shared Maps\Brenda Taguri\jan2012elemzonetwk.shp,OBJECTID,-1,-1;SchoolName "SchoolName" true true false 30 Text 0 0 ,First,#,\\gis9000a\Shared Maps\Brenda Taguri\jan2012elemzonetwk.shp,SchoolName,-1,-1;SchoolNumb "SchoolNumb" true true false 4 Text 0 0 ,First,#,\\gis9000a\Shared Maps\Brenda Taguri\jan2012elemzonetwk.shp,SchoolNumb,-1,-1;ActualScho "ActualScho" true true false 4 Text 0 0 ,First,#,\\gis9000a\Shared Maps\Brenda Taguri\jan2012elemzonetwk.shp,ActualScho,-1,-1;Shape_area "Shape_area" true true false 19 Double 0 0 ,First,#,\\gis9000a\Shared Maps\Brenda Taguri\jan2012elemzonetwk.shp,Shape_area,-1,-1;Shape_len "Shape_len" true true false 19 Double 0 0 ,First,#,\\gis9000a\Shared Maps\Brenda Taguri\jan2012elemzonetwk.shp,Shape_len,-1,-1" #</Process><Process ToolSource="f:\desktop10.1\ArcToolbox\Toolboxes\Conversion Tools.tbx\FeatureClassToFeatureClass" Date="20140204" Time="073458">FeatureClassToFeatureClass "\\fs9000ds\facilities$\Planning\GIS\GIS maps\New_Elem_Zones_2014.shp" "Database Connections\PCSB_Workspace.sde\PCSB_Workspace.DBO.School_Zones" Approved_2014_ElementaryZones # "OBJECTID_1 "OBJECTID_1" true true false 10 Double 0 10 ,First,#,\\fs9000ds\facilities$\Planning\GIS\GIS maps\New_Elem_Zones_2014.shp,OBJECTID_1,-1,-1;OBJECTID "OBJECTID" true true false 10 Double 0 10 ,First,#,\\fs9000ds\facilities$\Planning\GIS\GIS maps\New_Elem_Zones_2014.shp,OBJECTID,-1,-1;SchoolName "SchoolName" true true false 30 Text 0 0 ,First,#,\\fs9000ds\facilities$\Planning\GIS\GIS maps\New_Elem_Zones_2014.shp,SchoolName,-1,-1;SchoolNumb "SchoolNumb" true true false 4 Text 0 0 ,First,#,\\fs9000ds\facilities$\Planning\GIS\GIS maps\New_Elem_Zones_2014.shp,SchoolNumb,-1,-1;ActualScho "ActualScho" true true false 4 Text 0 0 ,First,#,\\fs9000ds\facilities$\Planning\GIS\GIS maps\New_Elem_Zones_2014.shp,ActualScho,-1,-1;Shape_area "Shape_area" true true false 19 Double 0 0 ,First,#,\\fs9000ds\facilities$\Planning\GIS\GIS maps\New_Elem_Zones_2014.shp,Shape_area,-1,-1;Shape_len "Shape_len" true true false 19 Double 0 0 ,First,#,\\fs9000ds\facilities$\Planning\GIS\GIS maps\New_Elem_Zones_2014.shp,Shape_len,-1,-1" #</Process><Process ToolSource="c:\program files\arcgis\pro\Resources\ArcToolbox\toolboxes\Data Management Tools.tbx\CopyFeatures" Date="20180711" Time="095141">CopyFeatures PCSBData.DBO.Elementary_Loughman_Update C:\Users\dominic.chiampi\Documents\ArcGIS\Projects\MyProject\PCSB_sa_gis9000db.sde\PCSBData.DBO.ProductionDataForServices\PCSBData.DBO.Elementary_Prd # # # #</Process><Process ToolSource="c:\program files\arcgis\pro\Resources\ArcToolbox\toolboxes\Data Management Tools.tbx\CopyFeatures" Date="20181008" Time="150048">CopyFeatures PCSBData.DBO.Elementary_Prd C:\Users\dominic.chiampi\Documents\ArcGIS\Projects\MyProject\scratch.gdb\ElementaryZones # # # #</Process><Process ToolSource="c:\program files\arcgis\pro\Resources\ArcToolbox\toolboxes\Data Management Tools.tbx\CopyFeatures" Date="20181008" Time="150533">CopyFeatures ElementaryZones C:\Users\dominic.chiampi\Documents\ArcGIS\Projects\MyProject\PCSB_sa_gis9000db.sde\PCSBData.DBO.ProductionDataForServices\PCSBData.DBO.Elementary_Prd # # # #</Process><Process ToolSource="c:\program files\arcgis\pro\Resources\ArcToolbox\toolboxes\Data Management Tools.tbx\CopyFeatures" Date="20190524" Time="133249">CopyFeatures PCSBData.DBO.Elementary_Prd \\GIS9000WEB\shared\Workspace\DavenportCitrusRidge\ElementaryDavenportUpdate.shp # # # #</Process><Process ToolSource="c:\program files\arcgis\pro\Resources\ArcToolbox\toolboxes\Data Management Tools.tbx\CopyFeatures" Date="20190612" Time="155427">CopyFeatures ElementaryDavenportUpdate "\\gis9000web\shared\Service Definitions\ElementaryZones.shp" # # # #</Process><Process ToolSource="c:\program files (x86)\arcgis\desktop10.5\ArcToolbox\Toolboxes\Analysis Tools.tbx\Erase" Date="20200505" Time="114942">Erase Elementary_Zones_SY1920 "New Davenport Elementary SAZ (DRAFT)" J:\Studies\Rezoning\Elementary\Davenport_Elem\shapes\FINALIZED_ZONES\NEW_ElemSchoolZones.shp #</Process><Process ToolSource="c:\program files (x86)\arcgis\desktop10.5\ArcToolbox\Toolboxes\Data Management Tools.tbx\Merge" Date="20200505" Time="115036">Merge NEW_ElemSchoolZones;'New Davenport Elementary SAZ (DRAFT)' J:\Studies\Rezoning\Elementary\Davenport_Elem\shapes\FINALIZED_ZONES\merge.shp "SchoolName "SchoolName" true true false 30 Text 0 0 ,First,#,NEW_ElemSchoolZones,SchoolName,-1,-1;SchoolNumb "SchoolNumb" true true false 4 Text 0 0 ,First,#,NEW_ElemSchoolZones,SchoolNumb,-1,-1;Shape_STAr "Shape_STAr" true true false 19 Double 0 0 ,First,#,NEW_ElemSchoolZones,Shape_STAr,-1,-1;Shape_STLe "Shape_STLe" true true false 19 Double 0 0 ,First,#,NEW_ElemSchoolZones,Shape_STLe,-1,-1;Shape_ST_1 "Shape_ST_1" true true false 19 Double 0 0 ,First,#,NEW_ElemSchoolZones,Shape_ST_1,-1,-1;Shape_ST_2 "Shape_ST_2" true true false 19 Double 0 0 ,First,#,NEW_ElemSchoolZones,Shape_ST_2,-1,-1;created_us "created_us" true true false 254 Text 0 0 ,First,#,NEW_ElemSchoolZones,created_us,-1,-1;created_da "created_da" true true false 8 Date 0 0 ,First,#,NEW_ElemSchoolZones,created_da,-1,-1;last_edite "last_edite" true true false 254 Text 0 0 ,First,#,NEW_ElemSchoolZones,last_edite,-1,-1;last_edi_1 "last_edi_1" true true false 8 Date 0 0 ,First,#,NEW_ElemSchoolZones,last_edi_1,-1,-1;Shape_ST_3 "Shape_ST_3" true true false 19 Double 0 0 ,First,#,NEW_ElemSchoolZones,Shape_ST_3,-1,-1;Shape_ST_4 "Shape_ST_4" true true false 19 Double 0 0 ,First,#,NEW_ElemSchoolZones,Shape_ST_4,-1,-1;Shape_Leng "Shape_Leng" true true false 19 Double 0 0 ,First,#,NEW_ElemSchoolZones,Shape_Leng,-1,-1,New Davenport Elementary SAZ (DRAFT),Shape_Leng,-1,-1;Shape_Area "Shape_Area" true true false 19 Double 0 0 ,First,#,NEW_ElemSchoolZones,Shape_Area,-1,-1,New Davenport Elementary SAZ (DRAFT),Shape_Area,-1,-1"</Process><Process ToolSource="c:\program files (x86)\arcgis\desktop10.5\ArcToolbox\Toolboxes\Data Management Tools.tbx\CalculateField" Date="20200505" Time="115140">CalculateField merge SchoolName "Davenport" VB #</Process><Process ToolSource="c:\program files (x86)\arcgis\desktop10.5\ArcToolbox\Toolboxes\Data Management Tools.tbx\CalculateField" Date="20200505" Time="115157">CalculateField merge SchoolName "Davenport Elementary" VB #</Process><Process ToolSource="c:\program files (x86)\arcgis\desktop10.5\ArcToolbox\Toolboxes\Data Management Tools.tbx\CalculateField" Date="20200505" Time="115212">CalculateField merge SchoolNumb "" VB #</Process><Process ToolSource="c:\program files\arcgis\pro\Resources\ArcToolbox\toolboxes\Data Management Tools.tbx\CopyFeatures" Date="20200722" Time="092901">CopyFeatures NEW_ElemSchoolZones "G:\Shapes\CurrentShapes 072220\NEW_ElemSchoolZones.shp" # # # #</Process></lineage><itemProps><itemName Sync="TRUE">NEW_ElemSchoolZones</itemName><imsContentType Sync="TRUE">002</imsContentType><itemLocation><linkage Sync="TRUE">file://\\GIS9000WEB\shared\Shapes\CurrentShapes 072220\NEW_ElemSchoolZones.shp</linkage><protocol Sync="TRUE">Local Area Network</protocol></itemLocation><nativeExtBox><westBL Sync="TRUE">622067.674503</westBL><eastBL Sync="TRUE">937505.421907</eastBL><southBL Sync="TRUE">1203956.173163</southBL><northBL Sync="TRUE">1464408.766102</northBL><exTypeCode Sync="TRUE">1</exTypeCode></nativeExtBox><itemSize Sync="TRUE">0.000</itemSize></itemProps><coordRef><type Sync="TRUE">Projected</type><geogcsn Sync="TRUE">GCS_North_American_1983</geogcsn><projcsn Sync="TRUE">NAD_1983_StatePlane_Florida_West_FIPS_0902_Feet</projcsn><peXml Sync="TRUE">&lt;ProjectedCoordinateSystem xsi:type='typens:ProjectedCoordinateSystem' xmlns:xsi='http://www.w3.org/2001/XMLSchema-instance' xmlns:xs='http://www.w3.org/2001/XMLSchema' xmlns:typens='http://www.esri.com/schemas/ArcGIS/2.5.0'&gt;&lt;WKT&gt;PROJCS[&amp;quot;NAD_1983_StatePlane_Florida_West_FIPS_0902_Feet&amp;quot;,GEOGCS[&amp;quot;GCS_North_American_1983&amp;quot;,DATUM[&amp;quot;D_North_American_1983&amp;quot;,SPHEROID[&amp;quot;GRS_1980&amp;quot;,6378137.0,298.257222101]],PRIMEM[&amp;quot;Greenwich&amp;quot;,0.0],UNIT[&amp;quot;Degree&amp;quot;,0.0174532925199433]],PROJECTION[&amp;quot;Transverse_Mercator&amp;quot;],PARAMETER[&amp;quot;False_Easting&amp;quot;,656166.6666666665],PARAMETER[&amp;quot;False_Northing&amp;quot;,0.0],PARAMETER[&amp;quot;Central_Meridian&amp;quot;,-82.0],PARAMETER[&amp;quot;Scale_Factor&amp;quot;,0.9999411764705882],PARAMETER[&amp;quot;Latitude_Of_Origin&amp;quot;,24.33333333333333],UNIT[&amp;quot;Foot_US&amp;quot;,0.3048006096012192],AUTHORITY[&amp;quot;EPSG&amp;quot;,2237]]&lt;/WKT&gt;&lt;XOrigin&gt;-17791300&lt;/XOrigin&gt;&lt;YOrigin&gt;-41645400&lt;/YOrigin&gt;&lt;XYScale&gt;137249422.94257641&lt;/XYScale&gt;&lt;ZOrigin&gt;-100000&lt;/ZOrigin&gt;&lt;ZScale&gt;10000&lt;/ZScale&gt;&lt;MOrigin&gt;-100000&lt;/MOrigin&gt;&lt;MScale&gt;10000&lt;/MScale&gt;&lt;XYTolerance&gt;0.0032808333333333331&lt;/XYTolerance&gt;&lt;ZTolerance&gt;0.001&lt;/ZTolerance&gt;&lt;MTolerance&gt;0.001&lt;/MTolerance&gt;&lt;HighPrecision&gt;true&lt;/HighPrecision&gt;&lt;WKID&gt;102659&lt;/WKID&gt;&lt;LatestWKID&gt;2237&lt;/LatestWKID&gt;&lt;/ProjectedCoordinateSystem&gt;</peXml><csUnits Sync="TRUE">Linear Unit: Foot_US (0.304801)</csUnits></coordRef></DataProperties><ArcGISFormat>1.0</ArcGISFormat></Esri><idinfo><native Sync="TRUE">Microsoft Windows XP Version 5.1 (Build 2600) Service Pack 3; ESRI ArcCatalog 9.3.1.3000</native><descript><langdata Sync="TRUE">en</langdata><abstract>REQUIRED: A brief narrative summary of the data set.</abstract><purpose>REQUIRED: A summary of the intentions with which the data set was developed.</purpose></descript><citation><citeinfo><origin>REQUIRED: The name of an organization or individual that developed the data set.</origin><pubdate>REQUIRED: The date when the data set is published or otherwise made available for release.</pubdate><title Sync="TRUE">PCSBData_GISDATA_Elementary</title><ftname Sync="TRUE">PCSBData_GISDATA_Elementary</ftname><geoform Sync="TRUE">vector digital data</geoform><onlink Sync="TRUE">\\DP-BGEIGER-GIS\C$\Documents and Settings\benjamin.geiger\Desktop\PCSBData Backup\PCSBData_GISDATA_Elementary.shp</onlink></citeinfo></citation><timeperd><current>REQUIRED: The basis on which the time period of content information is determined.</current><timeinfo><sngdate><caldate>REQUIRED: The year (and optionally month, or month and day) for which the data set corresponds to the ground.</caldate></sngdate></timeinfo></timeperd><status><progress>REQUIRED: The state of the data set.</progress><update>REQUIRED: The frequency with which changes and additions are made to the data set after the initial data set is completed.</update></status><spdom><bounding><westbc Sync="TRUE">-82.112597</westbc><eastbc Sync="TRUE">-81.126670</eastbc><northbc Sync="TRUE">28.363779</northbc><southbc Sync="TRUE">27.635823</southbc></bounding><lboundng><leftbc Sync="TRUE">619955.334896</leftbc><rightbc Sync="TRUE">937042.781100</rightbc><bottombc Sync="TRUE">1201293.998042</bottombc><topbc Sync="TRUE">1464962.618341</topbc></lboundng></spdom><keywords><theme><themekt>REQUIRED: Reference to a formally registered thesaurus or a similar authoritative source of theme keywords.</themekt><themekey>REQUIRED: Common-use word or phrase used to describe the subject of the data set.</themekey></theme></keywords><accconst>REQUIRED: Restrictions and legal prerequisites for accessing the data set.</accconst><useconst>REQUIRED: Restrictions and legal prerequisites for using the data set after access is granted.</useconst><natvform Sync="TRUE">Shapefile</natvform></idinfo><dataIdInfo><envirDesc Sync="TRUE">Microsoft Windows 10 Version 10.0 (Build 18363) ; Esri ArcGIS 12.5.1.22081</envirDesc><dataLang><languageCode Sync="TRUE" value="eng" country="US"/><countryCode value="USA" Sync="TRUE"/></dataLang><idCitation><resTitle Sync="TRUE">NEW_ElemSchoolZones</resTitle><presForm><PresFormCd Sync="TRUE" value="005"/></presForm></idCitation><spatRpType><SpatRepTypCd Sync="TRUE" value="001"/></spatRpType><dataExt><geoEle><GeoBndBox esriExtentType="native"><westBL Sync="TRUE">619955.334896</westBL><eastBL Sync="TRUE">937042.7811</eastBL><northBL Sync="TRUE">1464962.618341</northBL><southBL Sync="TRUE">1201293.998042</southBL><exTypeCode Sync="TRUE">1</exTypeCode></GeoBndBox></geoEle></dataExt><geoBox esriExtentType="decdegrees"><westBL Sync="TRUE">-82.112597</westBL><eastBL Sync="TRUE">-81.12667</eastBL><northBL Sync="TRUE">28.363779</northBL><southBL Sync="TRUE">27.635823</southBL><exTypeCode Sync="TRUE">1</exTypeCode></geoBox><descKeys><thesaName uuidref="723f6998-058e-11dc-8314-0800200c9a66"/><keyword Sync="TRUE">002</keyword></descKeys><dataExt><geoEle><GeoBndBox esriExtentType="search"><exTypeCode Sync="TRUE">1</exTypeCode><westBL Sync="TRUE">-82.106028</westBL><eastBL Sync="TRUE">-81.125244</eastBL><northBL Sync="TRUE">28.362256</northBL><southBL Sync="TRUE">27.643136</southBL></GeoBndBox></geoEle></dataExt></dataIdInfo><metainfo><langmeta Sync="TRUE">en</langmeta><metstdn Sync="TRUE">FGDC Content Standards for Digital Geospatial Metadata</metstdn><metstdv Sync="TRUE">FGDC-STD-001-1998</metstdv><mettc Sync="TRUE">local time</mettc><metc><cntinfo><cntorgp><cntper>REQUIRED: The person responsible for the metadata information.</cntper><cntorg>REQUIRED: The organization responsible for the metadata information.</cntorg></cntorgp><cntaddr><addrtype>REQUIRED: The mailing and/or physical address for the organization or individual.</addrtype><city>REQUIRED: The city of the address.</city><state>REQUIRED: The state or province of the address.</state><postal>REQUIRED: The ZIP or other postal code of the address.</postal></cntaddr><cntvoice>REQUIRED: The telephone number by which individuals can speak to the organization or individual.</cntvoice></cntinfo></metc><metd Sync="TRUE">20100908</metd></metainfo><mdLang><languageCode Sync="TRUE" value="eng"/><countryCode value="USA" Sync="TRUE"/></mdLang><mdStanName Sync="TRUE">ISO 19115 Geographic Information - Metadata</mdStanName><mdStanVer Sync="TRUE">DIS_ESRI1.0</mdStanVer><mdChar><CharSetCd Sync="TRUE" value="004"/></mdChar><mdHrLv><ScopeCd Sync="TRUE" value="005"/></mdHrLv><mdHrLvName Sync="TRUE">dataset</mdHrLvName><distinfo><resdesc Sync="TRUE">Downloadable Data</resdesc><stdorder><digform><digtinfo><transize Sync="TRUE">0.000</transize><dssize Sync="TRUE">0.000</dssize></digtinfo></digform></stdorder></distinfo><distInfo><distributor><distorTran><onLineSrc><orDesc Sync="TRUE">002</orDesc><linkage Sync="TRUE">file://\\DP-BGEIGER-GIS\C$\Documents and Settings\benjamin.geiger\Desktop\PCSBData Backup\PCSBData_GISDATA_Elementary.shp</linkage><protocol Sync="TRUE">Local Area Network</protocol></onLineSrc><transSize Sync="TRUE">0.000</transSize></distorTran><distorFormat><formatName Sync="TRUE">Shapefile</formatName></distorFormat></distributor><distFormat><formatName Sync="TRUE">Shapefile</formatName></distFormat><distTranOps><transSize Sync="TRUE">0.000</transSize></distTranOps></distInfo><spdoinfo><direct Sync="TRUE">Vector</direct><ptvctinf><esriterm Name="NEW_ElemSchoolZones"><efeatyp Sync="TRUE">Simple</efeatyp><efeageom code="4" Sync="TRUE"></efeageom><esritopo Sync="TRUE">FALSE</esritopo><efeacnt Sync="TRUE">0</efeacnt><spindex Sync="TRUE">FALSE</spindex><linrefer Sync="TRUE">FALSE</linrefer></esriterm></ptvctinf></spdoinfo><spref><horizsys><cordsysn><geogcsn Sync="TRUE">GCS_WGS_1984</geogcsn><projcsn Sync="TRUE">WGS_1984_Web_Mercator_Auxiliary_Sphere</projcsn></cordsysn><planar><planci><plance Sync="TRUE">coordinate pair</plance><plandu Sync="TRUE">meters</plandu><coordrep><absres Sync="TRUE">0.000000</absres><ordres Sync="TRUE">0.000000</ordres></coordrep></planci></planar><geodetic><horizdn Sync="TRUE">D_WGS_1984</horizdn><ellips Sync="TRUE">WGS_1984</ellips><semiaxis Sync="TRUE">6378137.000000</semiaxis><denflat Sync="TRUE">298.257224</denflat></geodetic></horizsys><vertdef><altsys><altenc Sync="TRUE">Explicit elevation coordinate included with horizontal coordinates</altenc><altres Sync="TRUE">1.000000</altres></altsys></vertdef></spref><refSysInfo><RefSystem><refSysID><identCode Sync="TRUE" code="2237" value="2237">WGS_1984_Web_Mercator_Auxiliary_Sphere</identCode><idCodeSpace Sync="TRUE">EPSG</idCodeSpace><idVersion Sync="TRUE">5.3(9.0.0)</idVersion></refSysID></RefSystem></refSysInfo><spatRepInfo><VectSpatRep><geometObjs Name="NEW_ElemSchoolZones"><geoObjTyp><GeoObjTypCd value="002" Sync="TRUE"></GeoObjTypCd></geoObjTyp><geoObjCnt Sync="TRUE">0</geoObjCnt></geometObjs><topLvl><TopoLevCd value="001" Sync="TRUE"></TopoLevCd></topLvl></VectSpatRep></spatRepInfo><eainfo><detailed Name="NEW_ElemSchoolZones"><enttyp><enttypl Sync="TRUE">NEW_ElemSchoolZones</enttypl><enttypt Sync="TRUE">Feature Class</enttypt><enttypc Sync="TRUE">0</enttypc></enttyp><attr><attrlabl Sync="TRUE">FID</attrlabl><attalias Sync="TRUE">FID</attalias><attrtype Sync="TRUE">OID</attrtype><attwidth Sync="TRUE">4</attwidth><atprecis Sync="TRUE">0</atprecis><attscale Sync="TRUE">0</attscale><attrdef Sync="TRUE">Internal feature number.</attrdef><attrdefs Sync="TRUE">Esri</attrdefs><attrdomv><udom Sync="TRUE">Sequential unique whole numbers that are automatically generated.</udom></attrdomv></attr><attr><attrlabl Sync="TRUE">SchoolName</attrlabl><attalias Sync="TRUE">SchoolName</attalias><attrtype Sync="TRUE">String</attrtype><attwidth Sync="TRUE">30</attwidth><atprecis Sync="TRUE">0</atprecis><attscale Sync="TRUE">0</attscale></attr><attr><attrlabl Sync="TRUE">Shape</attrlabl><attalias Sync="TRUE">Shape</attalias><attrtype Sync="TRUE">Geometry</attrtype><attwidth Sync="TRUE">0</attwidth><atprecis Sync="TRUE">0</atprecis><attscale Sync="TRUE">0</attscale><attrdef Sync="TRUE">Feature geometry.</attrdef><attrdefs Sync="TRUE">ESRI</attrdefs><attrdomv><udom Sync="TRUE">Coordinates defining the features.</udom></attrdomv></attr><attr><attrlabl Sync="TRUE">Shape_STAr</attrlabl><attalias Sync="TRUE">Shape_STAr</attalias><attrtype Sync="TRUE">Double</attrtype><attwidth Sync="TRUE">19</attwidth><atprecis Sync="TRUE">0</atprecis><attscale Sync="TRUE">0</attscale></attr><attr><attrlabl Sync="TRUE">Shape_STLe</attrlabl><attalias Sync="TRUE">Shape_STLe</attalias><attrtype Sync="TRUE">Double</attrtype><attwidth Sync="TRUE">19</attwidth><atprecis Sync="TRUE">0</atprecis><attscale Sync="TRUE">0</attscale></attr><attr><attrlabl Sync="TRUE">Shape_ST_1</attrlabl><attalias Sync="TRUE">Shape_ST_1</attalias><attrtype Sync="TRUE">Double</attrtype><attwidth Sync="TRUE">19</attwidth><atprecis Sync="TRUE">0</atprecis><attscale Sync="TRUE">0</attscale></attr><attr><attrlabl Sync="TRUE">Shape_ST_2</attrlabl><attalias Sync="TRUE">Shape_ST_2</attalias><attrtype Sync="TRUE">Double</attrtype><attwidth Sync="TRUE">19</attwidth><atprecis Sync="TRUE">0</atprecis><attscale Sync="TRUE">0</attscale></attr><attr><attrlabl Sync="TRUE">SchoolNumb</attrlabl><attalias Sync="TRUE">SchoolNumb</attalias><attrtype Sync="TRUE">String</attrtype><attwidth Sync="TRUE">4</attwidth><atprecis Sync="TRUE">0</atprecis><attscale Sync="TRUE">0</attscale></attr><attr><attrlabl Sync="TRUE">created_us</attrlabl><attalias Sync="TRUE">created_us</attalias><attrtype Sync="TRUE">String</attrtype><attwidth Sync="TRUE">254</attwidth><atprecis Sync="TRUE">0</atprecis><attscale Sync="TRUE">0</attscale></attr><attr><attrlabl Sync="TRUE">created_da</attrlabl><attalias Sync="TRUE">created_da</attalias><attrtype Sync="TRUE">Date</attrtype><attwidth Sync="TRUE">8</attwidth><atprecis Sync="TRUE">0</atprecis><attscale Sync="TRUE">0</attscale></attr><attr><attrlabl Sync="TRUE">last_edite</attrlabl><attalias Sync="TRUE">last_edite</attalias><attrtype Sync="TRUE">String</attrtype><attwidth Sync="TRUE">254</attwidth><atprecis Sync="TRUE">0</atprecis><attscale Sync="TRUE">0</attscale></attr><attr><attrlabl Sync="TRUE">last_edi_1</attrlabl><attalias Sync="TRUE">last_edi_1</attalias><attrtype Sync="TRUE">Date</attrtype><attwidth Sync="TRUE">8</attwidth><atprecis Sync="TRUE">0</atprecis><attscale Sync="TRUE">0</attscale></attr><attr><attrlabl Sync="TRUE">Shape_ST_3</attrlabl><attalias Sync="TRUE">Shape_ST_3</attalias><attrtype Sync="TRUE">Double</attrtype><attwidth Sync="TRUE">19</attwidth><atprecis Sync="TRUE">0</atprecis><attscale Sync="TRUE">0</attscale></attr><attr><attrlabl Sync="TRUE">Shape_ST_4</attrlabl><attalias Sync="TRUE">Shape_ST_4</attalias><attrtype Sync="TRUE">Double</attrtype><attwidth Sync="TRUE">19</attwidth><atprecis Sync="TRUE">0</atprecis><attscale Sync="TRUE">0</attscale></attr><attr><attrlabl Sync="TRUE">Shape_Leng</attrlabl><attalias Sync="TRUE">Shape_Leng</attalias><attrtype Sync="TRUE">Double</attrtype><attwidth Sync="TRUE">19</attwidth><atprecis Sync="TRUE">0</atprecis><attscale Sync="TRUE">0</attscale></attr><attr><attrlabl Sync="TRUE">Shape_Area</attrlabl><attalias Sync="TRUE">Shape_Area</attalias><attrtype Sync="TRUE">Double</attrtype><attwidth Sync="TRUE">19</attwidth><atprecis Sync="TRUE">0</atprecis><attscale Sync="TRUE">0</attscale><attrdef Sync="TRUE">Area of feature in internal units squared.</attrdef><attrdefs Sync="TRUE">Esri</attrdefs><attrdomv><udom Sync="TRUE">Positive real numbers that are automatically generated.</udom></attrdomv></attr></detailed></eainfo><mdDateSt Sync="TRUE">20200722</mdDateSt><dataqual><lineage><procstep><procdesc Sync="TRUE">Dataset copied.</procdesc><srcused Sync="TRUE"/><date Sync="TRUE">20081031</date><time Sync="TRUE">14411700</time></procstep><procstep><procdesc Sync="TRUE">Dataset copied.</procdesc><srcused Sync="TRUE"/><procdate Sync="TRUE">20100317</procdate><proctime Sync="TRUE">09440200</proctime></procstep><procstep><procdesc Sync="TRUE">Dataset copied.</procdesc><srcused Sync="TRUE">Server=gis9000a.dc.polk-fl.net; Service=5151; Database=sde; User=gisdata; Version=sde.DEFAULT</srcused><procdate Sync="TRUE">20100323</procdate><proctime Sync="TRUE">08171900</proctime></procstep></lineage></dataqual></metadata>
